{"stats":{"minecraft:killed_by":{"enemyexpansion:slugger":1},"minecraft:used":{"minecraft:dirt":1,"alexsmobs:animal_dictionary":6,"minecraft:egg":2},"minecraft:mined":{"minecraft:grass":24,"minecraft:grass_block":1,"minecraft:tall_grass":4},"minecraft:picked_up":{"minecraft:wheat_seeds":7,"minecraft:dirt":1,"minecraft:egg":2},"minecraft:dropped":{"minecraft:wheat_seeds":7},"minecraft:custom":{"minecraft:time_since_rest":11826,"minecraft:open_chest":5,"minecraft:sprint_one_cm":101280,"minecraft:play_time":26765,"minecraft:walk_one_cm":87347,"minecraft:damage_taken":215,"minecraft:deaths":1,"minecraft:drop":7,"minecraft:jump":430,"minecraft:leave_game":2,"minecraft:time_since_death":13979,"minecraft:total_world_time":26765,"minecraft:talked_to_villager":2,"minecraft:fall_one_cm":5877,"minecraft:fly_one_cm":61850}},"DataVersion":3465}